{
  "urls": [
    "sprites.ogg",
    "sprites.m4a",
    "sprites.mp3",
    "sprites.ac3"
  ],
  "sprite": {
    "Claire-letter-a": [
      0,
      511.97278911564626
    ],
    "Claire-letter-b": [
      2000,
      654.9206349206349
    ],
    "Claire-letter-c": [
      4000,
      714.4217687074832
    ],
    "Claire-letter-d": [
      6000,
      680.7709750566895
    ],
    "Claire-letter-e": [
      8000,
      554.1496598639455
    ],
    "Claire-letter-f": [
      10000,
      718.1405895691615
    ],
    "Claire-letter-g": [
      12000,
      668.3900226757373
    ],
    "Claire-letter-h": [
      14000,
      593.3786848072557
    ],
    "Claire-letter-i": [
      16000,
      452.2902494331049
    ],
    "Claire-letter-j": [
      18000,
      655.1020408163275
    ],
    "Claire-letter-k": [
      20000,
      604.5804988662127
    ],
    "Claire-letter-l": [
      22000,
      531.3832199546482
    ],
    "Claire-letter-m": [
      24000,
      567.4376417233553
    ],
    "Claire-letter-n": [
      26000,
      556.2811791383205
    ],
    "Claire-letter-o": [
      28000,
      575.2834467120174
    ],
    "Claire-letter-p": [
      30000,
      616.8707482993199
    ],
    "Claire-letter-q": [
      32000,
      510.9750566893396
    ],
    "Claire-letter-r": [
      34000,
      519.0022675736969
    ],
    "Claire-letter-s": [
      36000,
      717.4149659863929
    ],
    "Claire-letter-t": [
      38000,
      585.0793650793662
    ],
    "Claire-letter-u": [
      40000,
      498.8662131519277
    ],
    "Claire-letter-v": [
      42000,
      776.0997732426276
    ],
    "Claire-letter-w": [
      44000,
      682.811791383223
    ],
    "Claire-letter-x": [
      46000,
      673.6961451247155
    ],
    "Claire-letter-y": [
      48000,
      552.1995464852623
    ],
    "Claire-letter-z": [
      50000,
      726.8934240362839
    ],
    "Claire-phrase-dat_klopt": [
      52000,
      880.362811791386
    ],
    "Claire-phrase-dat_klopt_niet": [
      54000,
      1052.6077097505677
    ],
    "Claire-phrase-ja": [
      57000,
      627.7097505668934
    ],
    "Claire-phrase-nee": [
      59000,
      680.181405895695
    ],
    "Claire-phrase-prima": [
      61000,
      909.1609977324282
    ],
    "Claire-phrase-probeer_het_nog_eens": [
      63000,
      1358.2312925170045
    ],
    "Claire-phrase-super": [
      66000,
      739.4104308390013
    ],
    "Ellen-letter-a": [
      68000,
      476.68934240363114
    ],
    "Ellen-letter-b": [
      70000,
      600.5895691610021
    ],
    "Ellen-letter-c": [
      72000,
      652.3809523809518
    ],
    "Ellen-letter-d": [
      74000,
      542.1768707482926
    ],
    "Ellen-letter-e": [
      76000,
      447.8911564625889
    ],
    "Ellen-letter-f": [
      78000,
      592.4716553287936
    ],
    "Ellen-letter-g": [
      80000,
      634.2857142857099
    ],
    "Ellen-letter-h": [
      82000,
      603.7188208616726
    ],
    "Ellen-letter-i": [
      84000,
      419.0022675737026
    ],
    "Ellen-letter-j": [
      86000,
      595.8276643990956
    ],
    "Ellen-letter-k": [
      88000,
      555.464852607713
    ],
    "Ellen-letter-l": [
      90000,
      477.14285714285154
    ],
    "Ellen-letter-m": [
      92000,
      499.1836734693891
    ],
    "Ellen-letter-n": [
      94000,
      531.3378684807191
    ],
    "Ellen-letter-o": [
      96000,
      474.64852607710384
    ],
    "Ellen-letter-p": [
      98000,
      484.9886621315136
    ],
    "Ellen-letter-q": [
      100000,
      473.42403628117324
    ],
    "Ellen-letter-r": [
      102000,
      507.52834467120067
    ],
    "Ellen-letter-s": [
      104000,
      567.8004535147352
    ],
    "Ellen-letter-t": [
      106000,
      491.60997732425926
    ],
    "Ellen-letter-u": [
      108000,
      424.80725623582316
    ],
    "Ellen-letter-v": [
      110000,
      560.8616780045281
    ],
    "Ellen-letter-w": [
      112000,
      517.278911564631
    ],
    "Ellen-letter-x": [
      114000,
      537.7324263038616
    ],
    "Ellen-letter-y": [
      116000,
      747.4829931972806
    ],
    "Ellen-letter-z": [
      118000,
      620.4988662131541
    ],
    "Ellen-phrase-dat_klopt": [
      120000,
      913.4240362811852
    ],
    "Ellen-phrase-dat_klopt_niet": [
      122000,
      963.3560090702957
    ],
    "Ellen-phrase-ja": [
      124000,
      551.9727891156521
    ],
    "Ellen-phrase-nee": [
      126000,
      511.3832199546522
    ],
    "Ellen-phrase-prima": [
      128000,
      741.4058956915994
    ],
    "Ellen-phrase-probeer_het_nog_eens": [
      130000,
      1302.539682539674
    ],
    "Ellen-phrase-super": [
      133000,
      677.7777777777771
    ],
    "Xander-letter-a": [
      135000,
      466.07709750566073
    ],
    "Xander-letter-b": [
      137000,
      543.9909297052168
    ],
    "Xander-letter-c": [
      139000,
      620.4535147392392
    ],
    "Xander-letter-d": [
      141000,
      574.0589569161045
    ],
    "Xander-letter-e": [
      143000,
      474.195011337855
    ],
    "Xander-letter-f": [
      145000,
      494.7392290249297
    ],
    "Xander-letter-g": [
      147000,
      579.6825396825511
    ],
    "Xander-letter-h": [
      149000,
      497.3696145124791
    ],
    "Xander-letter-i": [
      151000,
      359.90929705215535
    ],
    "Xander-letter-j": [
      153000,
      590.2947845804931
    ],
    "Xander-letter-k": [
      155000,
      489.2970521541997
    ],
    "Xander-letter-l": [
      157000,
      445.3968253968128
    ],
    "Xander-letter-m": [
      159000,
      498.91156462584263
    ],
    "Xander-letter-n": [
      161000,
      515.8730158730123
    ],
    "Xander-letter-o": [
      163000,
      472.108843537427
    ],
    "Xander-letter-p": [
      165000,
      510.1133786848209
    ],
    "Xander-letter-q": [
      167000,
      452.6984126984246
    ],
    "Xander-letter-r": [
      169000,
      441.72335600907786
    ],
    "Xander-letter-s": [
      171000,
      530.6122448979522
    ],
    "Xander-letter-t": [
      173000,
      510.29478458050903
    ],
    "Xander-letter-u": [
      175000,
      346.57596371883415
    ],
    "Xander-letter-v": [
      177000,
      561.2244897959044
    ],
    "Xander-letter-w": [
      179000,
      586.8027210884463
    ],
    "Xander-letter-x": [
      181000,
      564.263038548745
    ],
    "Xander-letter-y": [
      183000,
      488.88888888888005
    ],
    "Xander-letter-z": [
      185000,
      569.0249433106658
    ],
    "Xander-phrase-dat_klopt": [
      187000,
      743.4467120181409
    ],
    "Xander-phrase-dat_klopt_niet": [
      189000,
      972.6530612244915
    ],
    "Xander-phrase-ja": [
      191000,
      432.8344671201876
    ],
    "Xander-phrase-nee": [
      193000,
      518.5941043083915
    ],
    "Xander-phrase-prima": [
      195000,
      485.306122448975
    ],
    "Xander-phrase-probeer_het_nog_eens": [
      197000,
      1088.5714285714414
    ],
    "Xander-phrase-super": [
      200000,
      627.6190476190493
    ],
    "freesounddotorg_249300": [
      202000,
      226.75736961451776
    ],
    "freesounddotorg_403018": [
      204000,
      1302.4036281179008
    ]
  }
}