{
  "urls": [
    "sprites.ogg",
    "sprites.m4a",
    "sprites.mp3",
    "sprites.ac3"
  ],
  "sprite": {
    "Claire-letter-a": [
      0,
      511.97278911564626
    ],
    "Claire-letter-b": [
      2000,
      654.9206349206349
    ],
    "Claire-letter-c": [
      4000,
      714.4217687074832
    ],
    "Claire-letter-d": [
      6000,
      680.7709750566895
    ],
    "Claire-letter-e": [
      8000,
      554.1496598639455
    ],
    "Claire-letter-f": [
      10000,
      718.1405895691615
    ],
    "Claire-letter-g": [
      12000,
      668.3900226757373
    ],
    "Claire-letter-h": [
      14000,
      593.3786848072557
    ],
    "Claire-letter-i": [
      16000,
      452.2902494331049
    ],
    "Claire-letter-j": [
      18000,
      655.1020408163275
    ],
    "Claire-letter-k": [
      20000,
      604.5804988662127
    ],
    "Claire-letter-l": [
      22000,
      531.3832199546482
    ],
    "Claire-letter-m": [
      24000,
      567.4376417233553
    ],
    "Claire-letter-n": [
      26000,
      556.2811791383205
    ],
    "Claire-letter-o": [
      28000,
      575.2834467120174
    ],
    "Claire-letter-p": [
      30000,
      616.8707482993199
    ],
    "Claire-letter-q": [
      32000,
      510.9750566893396
    ],
    "Claire-letter-r": [
      34000,
      519.0022675736969
    ],
    "Claire-letter-s": [
      36000,
      717.4149659863929
    ],
    "Claire-letter-t": [
      38000,
      585.0793650793662
    ],
    "Claire-letter-u": [
      40000,
      498.8662131519277
    ],
    "Claire-letter-v": [
      42000,
      776.0997732426276
    ],
    "Claire-letter-w": [
      44000,
      682.811791383223
    ],
    "Claire-letter-x": [
      46000,
      673.6961451247155
    ],
    "Claire-letter-y": [
      48000,
      552.1995464852623
    ],
    "Claire-letter-z": [
      50000,
      726.8934240362839
    ],
    "Claire-phrase-baal": [
      52000,
      716.689342403626
    ],
    "Claire-phrase-bal": [
      54000,
      665.1247165532866
    ],
    "Claire-phrase-bom": [
      56000,
      519.5011337868465
    ],
    "Claire-phrase-boom": [
      58000,
      726.4399092970493
    ],
    "Claire-phrase-boos": [
      60000,
      799.9092970521531
    ],
    "Claire-phrase-boot": [
      62000,
      785.89569160998
    ],
    "Claire-phrase-bos": [
      64000,
      729.7959183673441
    ],
    "Claire-phrase-bot": [
      66000,
      569.9773242630357
    ],
    "Claire-phrase-dat_klopt": [
      68000,
      880.362811791386
    ],
    "Claire-phrase-dat_klopt_niet": [
      70000,
      1052.6077097505606
    ],
    "Claire-phrase-haak": [
      73000,
      859.2290249433177
    ],
    "Claire-phrase-hak": [
      75000,
      640.9070294784556
    ],
    "Claire-phrase-ja": [
      77000,
      627.7097505668934
    ],
    "Claire-phrase-koop": [
      79000,
      626.8480725623533
    ],
    "Claire-phrase-kop": [
      81000,
      487.9365079365101
    ],
    "Claire-phrase-laat": [
      83000,
      659.0929705215416
    ],
    "Claire-phrase-lat": [
      85000,
      593.8321995464833
    ],
    "Claire-phrase-lok": [
      87000,
      616.8707482993199
    ],
    "Claire-phrase-look": [
      89000,
      747.8458049886569
    ],
    "Claire-phrase-maan": [
      91000,
      647.8458049886626
    ],
    "Claire-phrase-maand": [
      93000,
      805.3061224489824
    ],
    "Claire-phrase-maat": [
      95000,
      692.5623582766463
    ],
    "Claire-phrase-man": [
      97000,
      566.3945578231306
    ],
    "Claire-phrase-mand": [
      99000,
      620.2267573696076
    ],
    "Claire-phrase-mat": [
      101000,
      638.8208616779991
    ],
    "Claire-phrase-nee": [
      103000,
      680.181405895695
    ],
    "Claire-phrase-poot": [
      105000,
      663.1292517006813
    ],
    "Claire-phrase-pot": [
      107000,
      560.8616780045281
    ],
    "Claire-phrase-prima": [
      109000,
      909.1609977324282
    ],
    "Claire-phrase-probeer_het_nog_eens": [
      111000,
      1358.2312925170045
    ],
    "Claire-phrase-raam": [
      114000,
      795.419501133793
    ],
    "Claire-phrase-raat": [
      116000,
      706.0770975056698
    ],
    "Claire-phrase-ram": [
      118000,
      692.3809523809581
    ],
    "Claire-phrase-rat": [
      120000,
      653.9229024943296
    ],
    "Claire-phrase-roos": [
      122000,
      767.1201814059003
    ],
    "Claire-phrase-ros": [
      124000,
      677.3242630385425
    ],
    "Claire-phrase-super": [
      126000,
      739.4104308390013
    ],
    "Claire-phrase-ton": [
      128000,
      674.1950113378721
    ],
    "Claire-phrase-toon": [
      130000,
      632.8344671201762
    ],
    "Claire-phrase-zaak": [
      132000,
      619.773242630373
    ],
    "Claire-phrase-zak": [
      134000,
      672.1088435374156
    ],
    "Claire-phrase-zon": [
      136000,
      629.9773242630522
    ],
    "Claire-phrase-zoon": [
      138000,
      642.9478458049971
    ],
    "Ellen-letter-a": [
      140000,
      476.68934240363114
    ],
    "Ellen-letter-b": [
      142000,
      600.5895691610021
    ],
    "Ellen-letter-c": [
      144000,
      652.3809523809518
    ],
    "Ellen-letter-d": [
      146000,
      542.1768707483068
    ],
    "Ellen-letter-e": [
      148000,
      447.8911564625889
    ],
    "Ellen-letter-f": [
      150000,
      592.4716553288079
    ],
    "Ellen-letter-g": [
      152000,
      634.2857142857099
    ],
    "Ellen-letter-h": [
      154000,
      603.7188208616726
    ],
    "Ellen-letter-i": [
      156000,
      419.0022675736884
    ],
    "Ellen-letter-j": [
      158000,
      595.8276643990814
    ],
    "Ellen-letter-k": [
      160000,
      555.464852607713
    ],
    "Ellen-letter-l": [
      162000,
      477.14285714286575
    ],
    "Ellen-letter-m": [
      164000,
      499.1836734693891
    ],
    "Ellen-letter-n": [
      166000,
      531.3378684807333
    ],
    "Ellen-letter-o": [
      168000,
      474.6485260770896
    ],
    "Ellen-letter-p": [
      170000,
      484.9886621315136
    ],
    "Ellen-letter-q": [
      172000,
      473.42403628118745
    ],
    "Ellen-letter-r": [
      174000,
      507.5283446712149
    ],
    "Ellen-letter-s": [
      176000,
      567.8004535147352
    ],
    "Ellen-letter-t": [
      178000,
      491.60997732425926
    ],
    "Ellen-letter-u": [
      180000,
      424.80725623582316
    ],
    "Ellen-letter-v": [
      182000,
      560.8616780045281
    ],
    "Ellen-letter-w": [
      184000,
      517.278911564631
    ],
    "Ellen-letter-x": [
      186000,
      537.7324263038474
    ],
    "Ellen-letter-y": [
      188000,
      747.4829931972806
    ],
    "Ellen-letter-z": [
      190000,
      620.4988662131541
    ],
    "Ellen-phrase-baal": [
      192000,
      546.3945578231346
    ],
    "Ellen-phrase-bal": [
      194000,
      517.5510204081775
    ],
    "Ellen-phrase-bom": [
      196000,
      543.0385487528326
    ],
    "Ellen-phrase-boom": [
      198000,
      522.5396825396729
    ],
    "Ellen-phrase-boos": [
      200000,
      625.8956916099692
    ],
    "Ellen-phrase-boot": [
      202000,
      547.4376417233486
    ],
    "Ellen-phrase-bos": [
      204000,
      665.1700680272086
    ],
    "Ellen-phrase-bot": [
      206000,
      586.1678004535236
    ],
    "Ellen-phrase-dat_klopt": [
      208000,
      913.4240362811852
    ],
    "Ellen-phrase-dat_klopt_niet": [
      210000,
      963.3560090702815
    ],
    "Ellen-phrase-haak": [
      212000,
      718.1405895691739
    ],
    "Ellen-phrase-hak": [
      214000,
      516.0997732426438
    ],
    "Ellen-phrase-ja": [
      216000,
      551.9727891156379
    ],
    "Ellen-phrase-koop": [
      218000,
      566.7573696145212
    ],
    "Ellen-phrase-kop": [
      220000,
      490.88435374150663
    ],
    "Ellen-phrase-laat": [
      222000,
      572.5170068027126
    ],